country,Year,Daily caloric supply
Albania,2000,2734
Albania,2001,2803
Albania,2002,2864
Albania,2003,2772
Albania,2004,2792
Albania,2005,2874
Albania,2006,2855
Albania,2007,2860
Albania,2008,2947
Albania,2009,2993
Albania,2010,3076
Albania,2011,3132
Albania,2012,3184
Albania,2013,3193
Albania,2014,3266
Albania,2015,3280
Albania,2016,3381
Albania,2017,3390
Albania,2018,3360
Algeria,2000,2812
Algeria,2001,2886
Algeria,2002,2925
Algeria,2003,2970
Algeria,2004,2987
Algeria,2005,2958
Algeria,2006,3047
Algeria,2007,3041
Algeria,2008,3048
Algeria,2009,3110
Algeria,2010,3142
Algeria,2011,3217
Algeria,2012,3272
Algeria,2013,3296
Algeria,2014,3377
Algeria,2015,3379
Algeria,2016,3372
Algeria,2017,3341
Algeria,2018,3322
Andorra,2000,
Andorra,2001,
Andorra,2002,
Andorra,2003,
Andorra,2004,
Andorra,2005,
Andorra,2006,
Andorra,2007,
Andorra,2008,
Andorra,2009,
Andorra,2010,
Andorra,2011,
Andorra,2012,
Andorra,2013,
Andorra,2014,
Andorra,2015,
Andorra,2016,
Andorra,2017,
Andorra,2018,
Angola,2000,1792
Angola,2001,1833
Angola,2002,1915
Angola,2003,1983
Angola,2004,2030
Angola,2005,2077
Angola,2006,2119
Angola,2007,2173
Angola,2008,2245
Angola,2009,2303
Angola,2010,2345
Angola,2011,2407
Angola,2012,2384
Angola,2013,2473
Angola,2014,2419
Angola,2015,2380
Angola,2016,2338
Angola,2017,2373
Angola,2018,2385
Antigua and Barbuda,2000,2150
Antigua and Barbuda,2001,2085
Antigua and Barbuda,2002,2069
Antigua and Barbuda,2003,2071
Antigua and Barbuda,2004,2107
Antigua and Barbuda,2005,2331
Antigua and Barbuda,2006,2328
Antigua and Barbuda,2007,2411
Antigua and Barbuda,2008,2380
Antigua and Barbuda,2009,2322
Antigua and Barbuda,2010,2316
Antigua and Barbuda,2011,2369
Antigua and Barbuda,2012,2293
Antigua and Barbuda,2013,2417
Antigua and Barbuda,2014,2400
Antigua and Barbuda,2015,2405
Antigua and Barbuda,2016,2404
Antigua and Barbuda,2017,2446
Antigua and Barbuda,2018,2445
Argentina,2000,3260
Argentina,2001,3212
Argentina,2002,2977
Argentina,2003,3009
Argentina,2004,3028
Argentina,2005,3107
Argentina,2006,3114
Argentina,2007,3145
Argentina,2008,3158
Argentina,2009,3132
Argentina,2010,3155
Argentina,2011,3161
Argentina,2012,3197
Argentina,2013,3229
Argentina,2014,3245
Argentina,2015,3307
Argentina,2016,3247
Argentina,2017,3269
Argentina,2018,3307
Armenia,2000,2236
Armenia,2001,2239
Armenia,2002,2259
Armenia,2003,2432
Armenia,2004,2554
Armenia,2005,2668
Armenia,2006,2757
Armenia,2007,2761
Armenia,2008,2869
Armenia,2009,2819
Armenia,2010,2768
Armenia,2011,2788
Armenia,2012,2882
Armenia,2013,2928
Armenia,2014,3069
Armenia,2015,3090
Armenia,2016,3051
Armenia,2017,3072
Armenia,2018,2997
Aruba,2000,
Aruba,2001,
Aruba,2002,
Aruba,2003,
Aruba,2004,
Aruba,2005,
Aruba,2006,
Aruba,2007,
Aruba,2008,
Aruba,2009,
Aruba,2010,
Aruba,2011,
Aruba,2012,
Aruba,2013,
Aruba,2014,
Aruba,2015,
Aruba,2016,
Aruba,2017,
Aruba,2018,
Australia,2000,2991
Australia,2001,3048
Australia,2002,3077
Australia,2003,3104
Australia,2004,3052
Australia,2005,3099
Australia,2006,3156
Australia,2007,3198
Australia,2008,3199
Australia,2009,3205
Australia,2010,3213
Australia,2011,3237
Australia,2012,3257
Australia,2013,3276
Australia,2014,3407
Australia,2015,3393
Australia,2016,3416
Australia,2017,3406
Australia,2018,3391
Austria,2000,3726
Austria,2001,3728
Austria,2002,3652
Austria,2003,3609
Austria,2004,3606
Austria,2005,3640
Austria,2006,3719
Austria,2007,3737
Austria,2008,3717
Austria,2009,3723
Austria,2010,3724
Austria,2011,3735
Austria,2012,3739
Austria,2013,3768
Austria,2014,3672
Austria,2015,3664
Austria,2016,3659
Austria,2017,3687
Austria,2018,3695
Azerbaijan,2000,2282
Azerbaijan,2001,2371
Azerbaijan,2002,2461
Azerbaijan,2003,2554
Azerbaijan,2004,2639
Azerbaijan,2005,2837
Azerbaijan,2006,3006
Azerbaijan,2007,3019
Azerbaijan,2008,3026
Azerbaijan,2009,2995
Azerbaijan,2010,2973
Azerbaijan,2011,3039
Azerbaijan,2012,3055
Azerbaijan,2013,3118
Azerbaijan,2014,3093
Azerbaijan,2015,3093
Azerbaijan,2016,3081
Azerbaijan,2017,3137
Azerbaijan,2018,3149
Bahamas,2000,2779
Bahamas,2001,2765
Bahamas,2002,2725
Bahamas,2003,2686
Bahamas,2004,2662
Bahamas,2005,2648
Bahamas,2006,2627
Bahamas,2007,2605
Bahamas,2008,2585
Bahamas,2009,2619
Bahamas,2010,2598
Bahamas,2011,2568
Bahamas,2012,2671
Bahamas,2013,2670
Bahamas,2014,2636
Bahamas,2015,2609
Bahamas,2016,2625
Bahamas,2017,2644
Bahamas,2018,2655
Bahrain,2000,
Bahrain,2001,
Bahrain,2002,
Bahrain,2003,
Bahrain,2004,
Bahrain,2005,
Bahrain,2006,
Bahrain,2007,
Bahrain,2008,
Bahrain,2009,
Bahrain,2010,
Bahrain,2011,
Bahrain,2012,
Bahrain,2013,
Bahrain,2014,
Bahrain,2015,
Bahrain,2016,
Bahrain,2017,
Bahrain,2018,
Bangladesh,2000,2258
Bangladesh,2001,2331
Bangladesh,2002,2313
Bangladesh,2003,2350
Bangladesh,2004,2382
Bangladesh,2005,2372
Bangladesh,2006,2372
Bangladesh,2007,2417
Bangladesh,2008,2386
Bangladesh,2009,2425
Bangladesh,2010,2439
Bangladesh,2011,2429
Bangladesh,2012,2435
Bangladesh,2013,2450
Bangladesh,2014,2494
Bangladesh,2015,2520
Bangladesh,2016,2522
Bangladesh,2017,2562
Bangladesh,2018,2563
Barbados,2000,2802
Barbados,2001,2835
Barbados,2002,2806
Barbados,2003,2838
Barbados,2004,2770
Barbados,2005,2888
Barbados,2006,2838
Barbados,2007,2906
Barbados,2008,2884
Barbados,2009,2909
Barbados,2010,2909
Barbados,2011,2892
Barbados,2012,2912
Barbados,2013,2937
Barbados,2014,2913
Barbados,2015,2950
Barbados,2016,2936
Barbados,2017,2911
Barbados,2018,2956
Belarus,2000,2993
Belarus,2001,3046
Belarus,2002,2981
Belarus,2003,2821
Belarus,2004,2901
Belarus,2005,2987
Belarus,2006,3084
Belarus,2007,3186
Belarus,2008,3200
Belarus,2009,3126
Belarus,2010,3196
Belarus,2011,3400
Belarus,2012,3400
Belarus,2013,3250
Belarus,2014,3335
Belarus,2015,3186
Belarus,2016,3240
Belarus,2017,3346
Belarus,2018,3270
Belgium,2000,3709
Belgium,2001,3747
Belgium,2002,3749
Belgium,2003,3717
Belgium,2004,3722
Belgium,2005,3716
Belgium,2006,3716
Belgium,2007,3713
Belgium,2008,3702
Belgium,2009,3697
Belgium,2010,3707
Belgium,2011,3720
Belgium,2012,3715
Belgium,2013,3733
Belgium,2014,3789
Belgium,2015,3804
Belgium,2016,3774
Belgium,2017,3768
Belgium,2018,3769
Belize,2000,2688
Belize,2001,2757
Belize,2002,2778
Belize,2003,2806
Belize,2004,2776
Belize,2005,2818
Belize,2006,2800
Belize,2007,2793
Belize,2008,2719
Belize,2009,2763
Belize,2010,2839
Belize,2011,2761
Belize,2012,2735
Belize,2013,2751
Belize,2014,2627
Belize,2015,2677
Belize,2016,2679
Belize,2017,2712
Belize,2018,2775
Benin,2000,2245
Benin,2001,2315
Benin,2002,2401
Benin,2003,2360
Benin,2004,2461
Benin,2005,2435
Benin,2006,2450
Benin,2007,2564
Benin,2008,2521
Benin,2009,2565
Benin,2010,2555
Benin,2011,2598
Benin,2012,2610
Benin,2013,2619
Benin,2014,2739
Benin,2015,2726
Benin,2016,2742
Benin,2017,2756
Benin,2018,2755
Bermuda,2000,2651
Bermuda,2001,2612
Bermuda,2002,2583
Bermuda,2003,2490
Bermuda,2004,2455
Bermuda,2005,2521
Bermuda,2006,2590
Bermuda,2007,2626
Bermuda,2008,2701
Bermuda,2009,2716
Bermuda,2010,2677
Bermuda,2011,2649
Bermuda,2012,2649
Bermuda,2013,2671
Bermuda,2014,
Bermuda,2015,
Bermuda,2016,
Bermuda,2017,
Bermuda,2018,
Bhutan,2000,
Bhutan,2001,
Bhutan,2002,
Bhutan,2003,
Bhutan,2004,
Bhutan,2005,
Bhutan,2006,
Bhutan,2007,
Bhutan,2008,
Bhutan,2009,
Bhutan,2010,
Bhutan,2011,
Bhutan,2012,
Bhutan,2013,
Bhutan,2014,
Bhutan,2015,
Bhutan,2016,
Bhutan,2017,
Bhutan,2018,
Bolivia,2000,2076
Bolivia,2001,2083
Bolivia,2002,2102
Bolivia,2003,2117
Bolivia,2004,2051
Bolivia,2005,2106
Bolivia,2006,2159
Bolivia,2007,2165
Bolivia,2008,2146
Bolivia,2009,2133
Bolivia,2010,2177
Bolivia,2011,2222
Bolivia,2012,2234
Bolivia,2013,2256
Bolivia,2014,2310
Bolivia,2015,2379
Bolivia,2016,2382
Bolivia,2017,2399
Bolivia,2018,2412
Botswana,2000,2080
Botswana,2001,2154
Botswana,2002,2111
Botswana,2003,2113
Botswana,2004,2191
Botswana,2005,2198
Botswana,2006,2150
Botswana,2007,2166
Botswana,2008,2184
Botswana,2009,2199
Botswana,2010,2234
Botswana,2011,2273
Botswana,2012,2342
Botswana,2013,2326
Botswana,2014,2385
Botswana,2015,2383
Botswana,2016,2377
Botswana,2017,2341
Botswana,2018,2342
Brazil,2000,2880
Brazil,2001,2892
Brazil,2002,2927
Brazil,2003,3067
Brazil,2004,3082
Brazil,2005,3078
Brazil,2006,3096
Brazil,2007,3106
Brazil,2008,3178
Brazil,2009,3166
Brazil,2010,3230
Brazil,2011,3286
Brazil,2012,3248
Brazil,2013,3263
Brazil,2014,3303
Brazil,2015,3248
Brazil,2016,3234
Brazil,2017,3250
Brazil,2018,3301
British Virgin Islands,2000,
British Virgin Islands,2001,
British Virgin Islands,2002,
British Virgin Islands,2003,
British Virgin Islands,2004,
British Virgin Islands,2005,
British Virgin Islands,2006,
British Virgin Islands,2007,
British Virgin Islands,2008,
British Virgin Islands,2009,
British Virgin Islands,2010,
British Virgin Islands,2011,
British Virgin Islands,2012,
British Virgin Islands,2013,
British Virgin Islands,2014,
British Virgin Islands,2015,
British Virgin Islands,2016,
British Virgin Islands,2017,
British Virgin Islands,2018,
Bulgaria,2000,2813
Bulgaria,2001,2816
Bulgaria,2002,2779
Bulgaria,2003,2757
Bulgaria,2004,2764
Bulgaria,2005,2723
Bulgaria,2006,2759
Bulgaria,2007,2734
Bulgaria,2008,2782
Bulgaria,2009,2785
Bulgaria,2010,2762
Bulgaria,2011,2769
Bulgaria,2012,2777
Bulgaria,2013,2829
Bulgaria,2014,2865
Bulgaria,2015,2753
Bulgaria,2016,2818
Bulgaria,2017,2826
Bulgaria,2018,2854
Burkina Faso,2000,2318
Burkina Faso,2001,2332
Burkina Faso,2002,2411
Burkina Faso,2003,2492
Burkina Faso,2004,2505
Burkina Faso,2005,2463
Burkina Faso,2006,2559
Burkina Faso,2007,2546
Burkina Faso,2008,2588
Burkina Faso,2009,2639
Burkina Faso,2010,2681
Burkina Faso,2011,2664
Burkina Faso,2012,2707
Burkina Faso,2013,2720
Burkina Faso,2014,2737
Burkina Faso,2015,2746
Burkina Faso,2016,2741
Burkina Faso,2017,2721
Burkina Faso,2018,2737
Burundi,2000,
Burundi,2001,
Burundi,2002,
Burundi,2003,
Burundi,2004,
Burundi,2005,
Burundi,2006,
Burundi,2007,
Burundi,2008,
Burundi,2009,
Burundi,2010,
Burundi,2011,
Burundi,2012,
Burundi,2013,
Burundi,2014,
Burundi,2015,
Burundi,2016,
Burundi,2017,
Burundi,2018,
Cambodia,2000,2115
Cambodia,2001,2172
Cambodia,2002,2264
Cambodia,2003,2261
Cambodia,2004,2275
Cambodia,2005,2327
Cambodia,2006,2377
Cambodia,2007,2388
Cambodia,2008,2403
Cambodia,2009,2417
Cambodia,2010,2417
Cambodia,2011,2426
Cambodia,2012,2432
Cambodia,2013,2477
Cambodia,2014,2504
Cambodia,2015,2487
Cambodia,2016,2484
Cambodia,2017,2501
Cambodia,2018,2492
Cameroon,2000,2116
Cameroon,2001,2162
Cameroon,2002,2204
Cameroon,2003,2233
Cameroon,2004,2246
Cameroon,2005,2311
Cameroon,2006,2354
Cameroon,2007,2378
Cameroon,2008,2446
Cameroon,2009,2492
Cameroon,2010,2510
Cameroon,2011,2573
Cameroon,2012,2622
Cameroon,2013,2671
Cameroon,2014,2685
Cameroon,2015,2709
Cameroon,2016,2726
Cameroon,2017,2717
Cameroon,2018,2733
Canada,2000,3506
Canada,2001,3501
Canada,2002,3496
Canada,2003,3518
Canada,2004,3525
Canada,2005,3475
Canada,2006,3470
Canada,2007,3483
Canada,2008,3465
Canada,2009,3440
Canada,2010,3447
Canada,2011,3474
Canada,2012,3485
Canada,2013,3494
Canada,2014,3414
Canada,2015,3419
Canada,2016,3494
Canada,2017,3501
Canada,2018,3566
Cabo Verde,2000,2358
Cabo Verde,2001,2366
Cabo Verde,2002,2324
Cabo Verde,2003,2414
Cabo Verde,2004,2523
Cabo Verde,2005,2517
Cabo Verde,2006,2513
Cabo Verde,2007,2574
Cabo Verde,2008,2540
Cabo Verde,2009,2558
Cabo Verde,2010,2524
Cabo Verde,2011,2566
Cabo Verde,2012,2590
Cabo Verde,2013,2609
Cabo Verde,2014,2531
Cabo Verde,2015,2511
Cabo Verde,2016,2522
Cabo Verde,2017,2530
Cabo Verde,2018,2541
Central African Republic,2000,1983
Central African Republic,2001,1988
Central African Republic,2002,1996
Central African Republic,2003,1966
Central African Republic,2004,1989
Central African Republic,2005,2026
Central African Republic,2006,2029
Central African Republic,2007,2090
Central African Republic,2008,2133
Central African Republic,2009,2139
Central African Republic,2010,2164
Central African Republic,2011,2154
Central African Republic,2012,2116
Central African Republic,2013,1879
Central African Republic,2014,1769
Central African Republic,2015,1729
Central African Republic,2016,1745
Central African Republic,2017,1799
Central African Republic,2018,1786
Chad,2000,1947
Chad,2001,2018
Chad,2002,1968
Chad,2003,2024
Chad,2004,2026
Chad,2005,2034
Chad,2006,2022
Chad,2007,2028
Chad,2008,2027
Chad,2009,2021
Chad,2010,2057
Chad,2011,2062
Chad,2012,2124
Chad,2013,2110
Chad,2014,2147
Chad,2015,2136
Chad,2016,2149
Chad,2017,2132
Chad,2018,2115
Chile,2000,2833
Chile,2001,2868
Chile,2002,2900
Chile,2003,2891
Chile,2004,2917
Chile,2005,2909
Chile,2006,2957
Chile,2007,2933
Chile,2008,2943
Chile,2009,2892
Chile,2010,2915
Chile,2011,2956
Chile,2012,2958
Chile,2013,2979
Chile,2014,3008
Chile,2015,2982
Chile,2016,3009
Chile,2017,3020
Chile,2018,3029
China,2000,2808
China,2001,2816
China,2002,2832
China,2003,2833
China,2004,2857
China,2005,2879
China,2006,2883
China,2007,2919
China,2008,2977
China,2009,2994
China,2010,3044
China,2011,3081
China,2012,3100
China,2013,3108
China,2014,3151
China,2015,3192
China,2016,3159
China,2017,3179
China,2018,3206
Colombia,2000,2779
Colombia,2001,2815
Colombia,2002,2782
Colombia,2003,2798
Colombia,2004,2778
Colombia,2005,2733
Colombia,2006,2770
Colombia,2007,2804
Colombia,2008,2807
Colombia,2009,2708
Colombia,2010,2665
Colombia,2011,2696
Colombia,2012,2752
Colombia,2013,2804
Colombia,2014,2922
Colombia,2015,2973
Colombia,2016,3039
Colombia,2017,3109
Colombia,2018,3114
Congo,2000,2177
Congo,2001,2232
Congo,2002,2259
Congo,2003,2236
Congo,2004,2263
Congo,2005,2043
Congo,2006,2143
Congo,2007,2135
Congo,2008,2110
Congo,2009,2142
Congo,2010,2143
Congo,2011,2185
Congo,2012,2158
Congo,2013,2208
Congo,2014,2221
Congo,2015,2294
Congo,2016,2229
Congo,2017,2244
Congo,2018,2285
Costa Rica,2000,2800
Costa Rica,2001,2801
Costa Rica,2002,2765
Costa Rica,2003,2749
Costa Rica,2004,2761
Costa Rica,2005,2813
Costa Rica,2006,2873
Costa Rica,2007,2858
Costa Rica,2008,2844
Costa Rica,2009,2843
Costa Rica,2010,2848
Costa Rica,2011,2882
Costa Rica,2012,2850
Costa Rica,2013,2848
Costa Rica,2014,2890
Costa Rica,2015,2896
Costa Rica,2016,2978
Costa Rica,2017,3010
Costa Rica,2018,3029
Côte d'Ivoire,2000,2612
Côte d'Ivoire,2001,2625
Côte d'Ivoire,2002,2666
Côte d'Ivoire,2003,2688
Côte d'Ivoire,2004,2738
Côte d'Ivoire,2005,2787
Côte d'Ivoire,2006,2783
Côte d'Ivoire,2007,2792
Côte d'Ivoire,2008,2739
Côte d'Ivoire,2009,2727
Côte d'Ivoire,2010,2737
Côte d'Ivoire,2011,2784
Côte d'Ivoire,2012,2780
Côte d'Ivoire,2013,2799
Côte d'Ivoire,2014,2625
Côte d'Ivoire,2015,2762
Côte d'Ivoire,2016,2693
Côte d'Ivoire,2017,2784
Côte d'Ivoire,2018,2778
Croatia,2000,2556
Croatia,2001,2738
Croatia,2002,2820
Croatia,2003,2868
Croatia,2004,2943
Croatia,2005,2980
Croatia,2006,3070
Croatia,2007,3077
Croatia,2008,3109
Croatia,2009,3058
Croatia,2010,2971
Croatia,2011,2997
Croatia,2012,2995
Croatia,2013,3059
Croatia,2014,2977
Croatia,2015,3047
Croatia,2016,3128
Croatia,2017,3063
Croatia,2018,3074
Cuba,2000,3031
Cuba,2001,3076
Cuba,2002,3154
Cuba,2003,3246
Cuba,2004,3346
Cuba,2005,3254
Cuba,2006,3260
Cuba,2007,3251
Cuba,2008,3120
Cuba,2009,3233
Cuba,2010,3160
Cuba,2011,3285
Cuba,2012,3346
Cuba,2013,3409
Cuba,2014,3353
Cuba,2015,3354
Cuba,2016,3426
Cuba,2017,3423
Cuba,2018,3344
Cyprus,2000,2676
Cyprus,2001,2648
Cyprus,2002,2638
Cyprus,2003,2611
Cyprus,2004,2601
Cyprus,2005,2565
Cyprus,2006,2559
Cyprus,2007,2639
Cyprus,2008,2657
Cyprus,2009,2630
Cyprus,2010,2671
Cyprus,2011,2683
Cyprus,2012,2640
Cyprus,2013,2649
Cyprus,2014,2995
Cyprus,2015,3051
Cyprus,2016,3037
Cyprus,2017,3039
Cyprus,2018,3019
Czechia,2000,3079
Czechia,2001,3170
Czechia,2002,3243
Czechia,2003,3319
Czechia,2004,3322
Czechia,2005,3318
Czechia,2006,3279
Czechia,2007,3261
Czechia,2008,3268
Czechia,2009,3276
Czechia,2010,3276
Czechia,2011,3251
Czechia,2012,3243
Czechia,2013,3256
Czechia,2014,3197
Czechia,2015,3122
Czechia,2016,3239
Czechia,2017,3274
Czechia,2018,3277
Democratic Republic of the Congo,2000,
Democratic Republic of the Congo,2001,
Democratic Republic of the Congo,2002,
Democratic Republic of the Congo,2003,
Democratic Republic of the Congo,2004,
Democratic Republic of the Congo,2005,
Democratic Republic of the Congo,2006,
Democratic Republic of the Congo,2007,
Democratic Republic of the Congo,2008,
Democratic Republic of the Congo,2009,
Democratic Republic of the Congo,2010,
Democratic Republic of the Congo,2011,
Democratic Republic of the Congo,2012,
Democratic Republic of the Congo,2013,
Democratic Republic of the Congo,2014,
Democratic Republic of the Congo,2015,
Democratic Republic of the Congo,2016,
Democratic Republic of the Congo,2017,
Democratic Republic of the Congo,2018,
Denmark,2000,3313
Denmark,2001,3335
Denmark,2002,3373
Denmark,2003,3343
Denmark,2004,3382
Denmark,2005,3414
Denmark,2006,3407
Denmark,2007,3445
Denmark,2008,3326
Denmark,2009,3340
Denmark,2010,3398
Denmark,2011,3348
Denmark,2012,3331
Denmark,2013,3367
Denmark,2014,3355
Denmark,2015,3342
Denmark,2016,3368
Denmark,2017,3397
Denmark,2018,3401
Djibouti,2000,1993
Djibouti,2001,1982
Djibouti,2002,2054
Djibouti,2003,2094
Djibouti,2004,2136
Djibouti,2005,2265
Djibouti,2006,2314
Djibouti,2007,2414
Djibouti,2008,2447
Djibouti,2009,2466
Djibouti,2010,2467
Djibouti,2011,2504
Djibouti,2012,2545
Djibouti,2013,2607
Djibouti,2014,2581
Djibouti,2015,2665
Djibouti,2016,2631
Djibouti,2017,2664
Djibouti,2018,2694
Dominica,2000,3063
Dominica,2001,3040
Dominica,2002,2984
Dominica,2003,3006
Dominica,2004,2957
Dominica,2005,2924
Dominica,2006,2917
Dominica,2007,3042
Dominica,2008,3021
Dominica,2009,3037
Dominica,2010,2985
Dominica,2011,2962
Dominica,2012,2949
Dominica,2013,2931
Dominica,2014,2962
Dominica,2015,3013
Dominica,2016,2992
Dominica,2017,2973
Dominica,2018,2952
Dominican Republic,2000,2224
Dominican Republic,2001,2258
Dominican Republic,2002,2285
Dominican Republic,2003,2143
Dominican Republic,2004,2216
Dominican Republic,2005,2328
Dominican Republic,2006,2367
Dominican Republic,2007,2403
Dominican Republic,2008,2352
Dominican Republic,2009,2392
Dominican Republic,2010,2532
Dominican Republic,2011,2562
Dominican Republic,2012,2573
Dominican Republic,2013,2614
Dominican Republic,2014,2767
Dominican Republic,2015,2747
Dominican Republic,2016,2836
Dominican Republic,2017,2870
Dominican Republic,2018,2892
Ecuador,2000,2285
Ecuador,2001,2217
Ecuador,2002,2238
Ecuador,2003,2202
Ecuador,2004,2226
Ecuador,2005,2248
Ecuador,2006,2229
Ecuador,2007,2213
Ecuador,2008,2297
Ecuador,2009,2290
Ecuador,2010,2348
Ecuador,2011,2376
Ecuador,2012,2347
Ecuador,2013,2344
Ecuador,2014,2612
Ecuador,2015,2622
Ecuador,2016,2596
Ecuador,2017,2599
Ecuador,2018,2606
Egypt,2000,3368
Egypt,2001,3409
Egypt,2002,3434
Egypt,2003,3379
Egypt,2004,3309
Egypt,2005,3367
Egypt,2006,3389
Egypt,2007,3445
Egypt,2008,3490
Egypt,2009,3441
Egypt,2010,3507
Egypt,2011,3549
Egypt,2012,3561
Egypt,2013,3522
Egypt,2014,3388
Egypt,2015,3388
Egypt,2016,3336
Egypt,2017,3344
Egypt,2018,3292
El Salvador,2000,2541
El Salvador,2001,2628
El Salvador,2002,2643
El Salvador,2003,2597
El Salvador,2004,2567
El Salvador,2005,2571
El Salvador,2006,2577
El Salvador,2007,2566
El Salvador,2008,2574
El Salvador,2009,2574
El Salvador,2010,2515
El Salvador,2011,2537
El Salvador,2012,2559
El Salvador,2013,2577
El Salvador,2014,2586
El Salvador,2015,2584
El Salvador,2016,2621
El Salvador,2017,2662
El Salvador,2018,2696
Equatorial Guinea,2000,
Equatorial Guinea,2001,
Equatorial Guinea,2002,
Equatorial Guinea,2003,
Equatorial Guinea,2004,
Equatorial Guinea,2005,
Equatorial Guinea,2006,
Equatorial Guinea,2007,
Equatorial Guinea,2008,
Equatorial Guinea,2009,
Equatorial Guinea,2010,
Equatorial Guinea,2011,
Equatorial Guinea,2012,
Equatorial Guinea,2013,
Equatorial Guinea,2014,
Equatorial Guinea,2015,
Equatorial Guinea,2016,
Equatorial Guinea,2017,
Equatorial Guinea,2018,
Estonia,2000,3050
Estonia,2001,3046
Estonia,2002,3043
Estonia,2003,3074
Estonia,2004,3080
Estonia,2005,3167
Estonia,2006,3203
Estonia,2007,3222
Estonia,2008,3313
Estonia,2009,3348
Estonia,2010,3310
Estonia,2011,3289
Estonia,2012,3232
Estonia,2013,3253
Estonia,2014,3210
Estonia,2015,3171
Estonia,2016,3142
Estonia,2017,3138
Estonia,2018,3247
Eswatini,2000,2351
Eswatini,2001,2314
Eswatini,2002,2388
Eswatini,2003,2436
Eswatini,2004,2469
Eswatini,2005,2372
Eswatini,2006,2325
Eswatini,2007,2310
Eswatini,2008,2257
Eswatini,2009,2249
Eswatini,2010,2284
Eswatini,2011,2283
Eswatini,2012,2293
Eswatini,2013,2329
Eswatini,2014,2375
Eswatini,2015,2382
Eswatini,2016,2390
Eswatini,2017,2405
Eswatini,2018,2426
Ethiopia,2000,1786
Ethiopia,2001,1829
Ethiopia,2002,1844
Ethiopia,2003,1884
Ethiopia,2004,1882
Ethiopia,2005,1978
Ethiopia,2006,1967
Ethiopia,2007,1957
Ethiopia,2008,2018
Ethiopia,2009,2052
Ethiopia,2010,2080
Ethiopia,2011,2103
Ethiopia,2012,2124
Ethiopia,2013,2131
Ethiopia,2014,2250
Ethiopia,2015,2280
Ethiopia,2016,2324
Ethiopia,2017,2334
Ethiopia,2018,2338
Fiji,2000,2830
Fiji,2001,2876
Fiji,2002,2902
Fiji,2003,2892
Fiji,2004,2901
Fiji,2005,2941
Fiji,2006,2949
Fiji,2007,2924
Fiji,2008,2948
Fiji,2009,2916
Fiji,2010,2914
Fiji,2011,2923
Fiji,2012,2931
Fiji,2013,2943
Fiji,2014,2751
Fiji,2015,2783
Fiji,2016,2731
Fiji,2017,2773
Fiji,2018,2781
Finland,2000,3151
Finland,2001,3171
Finland,2002,3152
Finland,2003,3154
Finland,2004,3188
Finland,2005,3201
Finland,2006,3237
Finland,2007,3281
Finland,2008,3236
Finland,2009,3233
Finland,2010,3280
Finland,2011,3305
Finland,2012,3323
Finland,2013,3368
Finland,2014,3320
Finland,2015,3333
Finland,2016,3339
Finland,2017,3337
Finland,2018,3343
France,2000,3605
France,2001,3640
France,2002,3656
France,2003,3587
France,2004,3555
France,2005,3538
France,2006,3513
France,2007,3466
France,2008,3551
France,2009,3530
France,2010,3536
France,2011,3514
France,2012,3460
France,2013,3482
France,2014,3411
France,2015,3488
France,2016,3532
France,2017,3510
France,2018,3502
Gabon,2000,2716
Gabon,2001,2695
Gabon,2002,2644
Gabon,2003,2661
Gabon,2004,2676
Gabon,2005,2715
Gabon,2006,2716
Gabon,2007,2711
Gabon,2008,2653
Gabon,2009,2699
Gabon,2010,2732
Gabon,2011,2772
Gabon,2012,2795
Gabon,2013,2830
Gabon,2014,2754
Gabon,2015,2749
Gabon,2016,2691
Gabon,2017,2640
Gabon,2018,2633
Gambia,2000,2590
Gambia,2001,2521
Gambia,2002,2455
Gambia,2003,2455
Gambia,2004,2465
Gambia,2005,2442
Gambia,2006,2397
Gambia,2007,2535
Gambia,2008,2589
Gambia,2009,2621
Gambia,2010,2674
Gambia,2011,2692
Gambia,2012,2652
Gambia,2013,2628
Gambia,2014,2593
Gambia,2015,2544
Gambia,2016,2545
Gambia,2017,2544
Gambia,2018,2533
Georgia,2000,2566
Georgia,2001,2638
Georgia,2002,2750
Georgia,2003,2864
Georgia,2004,2902
Georgia,2005,2983
Georgia,2006,2864
Georgia,2007,2900
Georgia,2008,2975
Georgia,2009,2947
Georgia,2010,2845
Georgia,2011,2805
Georgia,2012,2839
Georgia,2013,2905
Georgia,2014,2797
Georgia,2015,2817
Georgia,2016,2821
Georgia,2017,2783
Georgia,2018,2835
Germany,2000,3336
Germany,2001,3363
Germany,2002,3427
Germany,2003,3390
Germany,2004,3411
Germany,2005,3450
Germany,2006,3466
Germany,2007,3527
Germany,2008,3517
Germany,2009,3515
Germany,2010,3504
Germany,2011,3538
Germany,2012,3501
Germany,2013,3499
Germany,2014,3541
Germany,2015,3567
Germany,2016,3557
Germany,2017,3542
Germany,2018,3554
Ghana,2000,2510
Ghana,2001,2564
Ghana,2002,2655
Ghana,2003,2669
Ghana,2004,2682
Ghana,2005,2751
Ghana,2006,2824
Ghana,2007,2803
Ghana,2008,2950
Ghana,2009,3032
Ghana,2010,3077
Ghana,2011,3002
Ghana,2012,3043
Ghana,2013,3016
Ghana,2014,2982
Ghana,2015,2922
Ghana,2016,2902
Ghana,2017,3000
Ghana,2018,3035
Greece,2000,3602
Greece,2001,3614
Greece,2002,3639
Greece,2003,3651
Greece,2004,3719
Greece,2005,3593
Greece,2006,3485
Greece,2007,3511
Greece,2008,3519
Greece,2009,3505
Greece,2010,3442
Greece,2011,3427
Greece,2012,3404
Greece,2013,3400
Greece,2014,3439
Greece,2015,3396
Greece,2016,3336
Greece,2017,3373
Greece,2018,3382
Grenada,2000,2220
Grenada,2001,2291
Grenada,2002,2307
Grenada,2003,2313
Grenada,2004,2378
Grenada,2005,2370
Grenada,2006,2400
Grenada,2007,2395
Grenada,2008,2426
Grenada,2009,2434
Grenada,2010,2432
Grenada,2011,2424
Grenada,2012,2440
Grenada,2013,2447
Grenada,2014,2366
Grenada,2015,2382
Grenada,2016,2433
Grenada,2017,2364
Grenada,2018,2402
Guatemala,2000,2160
Guatemala,2001,2218
Guatemala,2002,2359
Guatemala,2003,2345
Guatemala,2004,2324
Guatemala,2005,2383
Guatemala,2006,2415
Guatemala,2007,2447
Guatemala,2008,2378
Guatemala,2009,2459
Guatemala,2010,2431
Guatemala,2011,2485
Guatemala,2012,2416
Guatemala,2013,2419
Guatemala,2014,2447
Guatemala,2015,2502
Guatemala,2016,2504
Guatemala,2017,2547
Guatemala,2018,2551
Guinea,2000,2359
Guinea,2001,2330
Guinea,2002,2357
Guinea,2003,2400
Guinea,2004,2426
Guinea,2005,2443
Guinea,2006,2503
Guinea,2007,2505
Guinea,2008,2534
Guinea,2009,2546
Guinea,2010,2550
Guinea,2011,2546
Guinea,2012,2561
Guinea,2013,2566
Guinea,2014,2648
Guinea,2015,2716
Guinea,2016,2742
Guinea,2017,2731
Guinea,2018,2746
Guinea-Bissau,2000,2250
Guinea-Bissau,2001,2275
Guinea-Bissau,2002,2272
Guinea-Bissau,2003,2227
Guinea-Bissau,2004,2257
Guinea-Bissau,2005,2273
Guinea-Bissau,2006,2253
Guinea-Bissau,2007,2293
Guinea-Bissau,2008,2304
Guinea-Bissau,2009,2278
Guinea-Bissau,2010,2346
Guinea-Bissau,2011,2336
Guinea-Bissau,2012,2331
Guinea-Bissau,2013,2292
Guinea-Bissau,2014,2171
Guinea-Bissau,2015,2180
Guinea-Bissau,2016,2201
Guinea-Bissau,2017,2233
Guinea-Bissau,2018,2229
Guyana,2000,2733
Guyana,2001,2758
Guyana,2002,2730
Guyana,2003,2711
Guyana,2004,2686
Guyana,2005,2687
Guyana,2006,2660
Guyana,2007,2660
Guyana,2008,2599
Guyana,2009,2623
Guyana,2010,2643
Guyana,2011,2637
Guyana,2012,2728
Guyana,2013,2764
Guyana,2014,2791
Guyana,2015,2843
Guyana,2016,2812
Guyana,2017,2855
Guyana,2018,2913
Haiti,2000,1958
Haiti,2001,1897
Haiti,2002,1902
Haiti,2003,1872
Haiti,2004,1889
Haiti,2005,1884
Haiti,2006,1942
Haiti,2007,1970
Haiti,2008,2014
Haiti,2009,2060
Haiti,2010,2169
Haiti,2011,2097
Haiti,2012,2084
Haiti,2013,2091
Haiti,2014,2143
Haiti,2015,2142
Haiti,2016,2132
Haiti,2017,2157
Haiti,2018,2121
Honduras,2000,2369
Honduras,2001,2452
Honduras,2002,2474
Honduras,2003,2482
Honduras,2004,2480
Honduras,2005,2490
Honduras,2006,2530
Honduras,2007,2569
Honduras,2008,2603
Honduras,2009,2596
Honduras,2010,2596
Honduras,2011,2624
Honduras,2012,2629
Honduras,2013,2641
Honduras,2014,2566
Honduras,2015,2614
Honduras,2016,2655
Honduras,2017,2658
Honduras,2018,2673
Hong Kong (China),2000,3049
Hong Kong (China),2001,3082
Hong Kong (China),2002,3125
Hong Kong (China),2003,3179
Hong Kong (China),2004,3208
Hong Kong (China),2005,3224
Hong Kong (China),2006,3246
Hong Kong (China),2007,3246
Hong Kong (China),2008,3241
Hong Kong (China),2009,3255
Hong Kong (China),2010,3256
Hong Kong (China),2011,3259
Hong Kong (China),2012,3281
Hong Kong (China),2013,3290
Hong Kong (China),2014,3250
Hong Kong (China),2015,3202
Hong Kong (China),2016,3226
Hong Kong (China),2017,3269
Hong Kong (China),2018,3267
Hungary,2000,3172
Hungary,2001,3094
Hungary,2002,3075
Hungary,2003,3061
Hungary,2004,3192
Hungary,2005,3270
Hungary,2006,3278
Hungary,2007,3164
Hungary,2008,3149
Hungary,2009,3140
Hungary,2010,3062
Hungary,2011,3064
Hungary,2012,3009
Hungary,2013,3037
Hungary,2014,3110
Hungary,2015,3222
Hungary,2016,3251
Hungary,2017,3290
Hungary,2018,3316
Iceland,2000,3152
Iceland,2001,3148
Iceland,2002,3214
Iceland,2003,3236
Iceland,2004,3290
Iceland,2005,3323
Iceland,2006,3401
Iceland,2007,3458
Iceland,2008,3428
Iceland,2009,3394
Iceland,2010,3341
Iceland,2011,3348
Iceland,2012,3396
Iceland,2013,3380
Iceland,2014,3458
Iceland,2015,3557
Iceland,2016,3572
Iceland,2017,3652
Iceland,2018,3654
India,2000,2380
India,2001,2333
India,2002,2285
India,2003,2282
India,2004,2256
India,2005,2270
India,2006,2334
India,2007,2400
India,2008,2427
India,2009,2415
India,2010,2442
India,2011,2455
India,2012,2435
India,2013,2459
India,2014,2460
India,2015,2454
India,2016,2498
India,2017,2531
India,2018,2533
Indonesia,2000,2436
Indonesia,2001,2424
Indonesia,2002,2451
Indonesia,2003,2468
Indonesia,2004,2471
Indonesia,2005,2468
Indonesia,2006,2483
Indonesia,2007,2522
Indonesia,2008,2544
Indonesia,2009,2603
Indonesia,2010,2651
Indonesia,2011,2712
Indonesia,2012,2770
Indonesia,2013,2777
Indonesia,2014,2819
Indonesia,2015,2815
Indonesia,2016,2869
Indonesia,2017,2883
Indonesia,2018,2884
Iran,2000,3050
Iran,2001,3036
Iran,2002,3026
Iran,2003,3036
Iran,2004,3088
Iran,2005,3074
Iran,2006,3000
Iran,2007,3028
Iran,2008,3012
Iran,2009,3058
Iran,2010,3094
Iran,2011,3051
Iran,2012,3064
Iran,2013,3094
Iran,2014,3105
Iran,2015,3094
Iran,2016,3109
Iran,2017,3083
Iran,2018,3087
Ireland,2000,3727
Ireland,2001,3722
Ireland,2002,3583
Ireland,2003,3592
Ireland,2004,3573
Ireland,2005,3485
Ireland,2006,3503
Ireland,2007,3532
Ireland,2008,3582
Ireland,2009,3571
Ireland,2010,3591
Ireland,2011,3600
Ireland,2012,3598
Ireland,2013,3600
Ireland,2014,3654
Ireland,2015,3717
Ireland,2016,3746
Ireland,2017,3835
Ireland,2018,3885
Isle of Man,2000,
Isle of Man,2001,
Isle of Man,2002,
Isle of Man,2003,
Isle of Man,2004,
Isle of Man,2005,
Isle of Man,2006,
Isle of Man,2007,
Isle of Man,2008,
Isle of Man,2009,
Isle of Man,2010,
Isle of Man,2011,
Isle of Man,2012,
Isle of Man,2013,
Isle of Man,2014,
Isle of Man,2015,
Isle of Man,2016,
Isle of Man,2017,
Isle of Man,2018,
Israel,2000,3553
Israel,2001,3603
Israel,2002,3698
Israel,2003,3576
Israel,2004,3621
Israel,2005,3633
Israel,2006,3624
Israel,2007,3525
Israel,2008,3523
Israel,2009,3514
Israel,2010,3535
Israel,2011,3546
Israel,2012,3603
Israel,2013,3610
Israel,2014,3576
Israel,2015,3511
Israel,2016,3518
Israel,2017,3565
Israel,2018,3528
Italy,2000,3668
Italy,2001,3671
Italy,2002,3661
Italy,2003,3621
Italy,2004,3626
Italy,2005,3567
Italy,2006,3625
Italy,2007,3618
Italy,2008,3595
Italy,2009,3599
Italy,2010,3583
Italy,2011,3575
Italy,2012,3575
Italy,2013,3579
Italy,2014,3487
Italy,2015,3483
Italy,2016,3472
Italy,2017,3477
Italy,2018,3503
Jamaica,2000,2729
Jamaica,2001,2798
Jamaica,2002,2795
Jamaica,2003,2810
Jamaica,2004,2792
Jamaica,2005,2795
Jamaica,2006,2792
Jamaica,2007,2791
Jamaica,2008,2747
Jamaica,2009,2749
Jamaica,2010,2762
Jamaica,2011,2768
Jamaica,2012,2754
Jamaica,2013,2746
Jamaica,2014,2714
Jamaica,2015,2743
Jamaica,2016,2686
Jamaica,2017,2757
Jamaica,2018,2792
Japan,2000,2899
Japan,2001,2889
Japan,2002,2853
Japan,2003,2842
Japan,2004,2842
Japan,2005,2829
Japan,2006,2778
Japan,2007,2817
Japan,2008,2734
Japan,2009,2675
Japan,2010,2685
Japan,2011,2712
Japan,2012,2740
Japan,2013,2726
Japan,2014,2720
Japan,2015,2701
Japan,2016,2695
Japan,2017,2712
Japan,2018,2705
Jersey,2000,
Jersey,2001,
Jersey,2002,
Jersey,2003,
Jersey,2004,
Jersey,2005,
Jersey,2006,
Jersey,2007,
Jersey,2008,
Jersey,2009,
Jersey,2010,
Jersey,2011,
Jersey,2012,
Jersey,2013,
Jersey,2014,
Jersey,2015,
Jersey,2016,
Jersey,2017,
Jersey,2018,
Jordan,2000,2727
Jordan,2001,2839
Jordan,2002,2938
Jordan,2003,3076
Jordan,2004,3122
Jordan,2005,3119
Jordan,2006,3153
Jordan,2007,3123
Jordan,2008,3072
Jordan,2009,3099
Jordan,2010,3104
Jordan,2011,3139
Jordan,2012,3141
Jordan,2013,3100
Jordan,2014,2866
Jordan,2015,2842
Jordan,2016,2786
Jordan,2017,2739
Jordan,2018,2732
Kazakhstan,2000,2807
Kazakhstan,2001,2890
Kazakhstan,2002,2935
Kazakhstan,2003,2973
Kazakhstan,2004,2979
Kazakhstan,2005,3033
Kazakhstan,2006,3073
Kazakhstan,2007,3161
Kazakhstan,2008,3186
Kazakhstan,2009,3153
Kazakhstan,2010,3143
Kazakhstan,2011,3207
Kazakhstan,2012,3187
Kazakhstan,2013,3264
Kazakhstan,2014,3178
Kazakhstan,2015,3230
Kazakhstan,2016,3127
Kazakhstan,2017,3094
Kazakhstan,2018,3067
Kenya,2000,2049
Kenya,2001,2066
Kenya,2002,2023
Kenya,2003,2004
Kenya,2004,2022
Kenya,2005,2161
Kenya,2006,2161
Kenya,2007,2110
Kenya,2008,2106
Kenya,2009,2165
Kenya,2010,2160
Kenya,2011,2170
Kenya,2012,2192
Kenya,2013,2206
Kenya,2014,2183
Kenya,2015,2196
Kenya,2016,2142
Kenya,2017,2145
Kenya,2018,2197
Kiribati,2000,2842
Kiribati,2001,2884
Kiribati,2002,2855
Kiribati,2003,2872
Kiribati,2004,2840
Kiribati,2005,2935
Kiribati,2006,2903
Kiribati,2007,2894
Kiribati,2008,2881
Kiribati,2009,2941
Kiribati,2010,2960
Kiribati,2011,3027
Kiribati,2012,3055
Kiribati,2013,3040
Kiribati,2014,3095
Kiribati,2015,3108
Kiribati,2016,3083
Kiribati,2017,3074
Kiribati,2018,3078
Kuwait,2000,3435
Kuwait,2001,3482
Kuwait,2002,3445
Kuwait,2003,3501
Kuwait,2004,3507
Kuwait,2005,3576
Kuwait,2006,3587
Kuwait,2007,3571
Kuwait,2008,3512
Kuwait,2009,3472
Kuwait,2010,3464
Kuwait,2011,3468
Kuwait,2012,3440
Kuwait,2013,3501
Kuwait,2014,3466
Kuwait,2015,3466
Kuwait,2016,3440
Kuwait,2017,3444
Kuwait,2018,3471
Kyrgyz Republic,2000,2396
Kyrgyz Republic,2001,2457
Kyrgyz Republic,2002,2489
Kyrgyz Republic,2003,2624
Kyrgyz Republic,2004,2739
Kyrgyz Republic,2005,2753
Kyrgyz Republic,2006,2660
Kyrgyz Republic,2007,2682
Kyrgyz Republic,2008,2679
Kyrgyz Republic,2009,2737
Kyrgyz Republic,2010,2790
Kyrgyz Republic,2011,2771
Kyrgyz Republic,2012,2776
Kyrgyz Republic,2013,2817
Kyrgyz Republic,2014,2713
Kyrgyz Republic,2015,2709
Kyrgyz Republic,2016,2663
Kyrgyz Republic,2017,2707
Kyrgyz Republic,2018,2729
Lao People's Democratic Republic,2000,2116
Lao People's Democratic Republic,2001,2092
Lao People's Democratic Republic,2002,2137
Lao People's Democratic Republic,2003,2180
Lao People's Democratic Republic,2004,2209
Lao People's Democratic Republic,2005,2269
Lao People's Democratic Republic,2006,2243
Lao People's Democratic Republic,2007,2278
Lao People's Democratic Republic,2008,2246
Lao People's Democratic Republic,2009,2312
Lao People's Democratic Republic,2010,2340
Lao People's Democratic Republic,2011,2402
Lao People's Democratic Republic,2012,2379
Lao People's Democratic Republic,2013,2451
Lao People's Democratic Republic,2014,2674
Lao People's Democratic Republic,2015,2738
Lao People's Democratic Republic,2016,2721
Lao People's Democratic Republic,2017,2758
Lao People's Democratic Republic,2018,2758
Latvia,2000,2785
Latvia,2001,2897
Latvia,2002,3005
Latvia,2003,3047
Latvia,2004,3077
Latvia,2005,3141
Latvia,2006,3213
Latvia,2007,3161
Latvia,2008,3157
Latvia,2009,3174
Latvia,2010,3136
Latvia,2011,3148
Latvia,2012,3108
Latvia,2013,3174
Latvia,2014,3208
Latvia,2015,3174
Latvia,2016,3226
Latvia,2017,3216
Latvia,2018,3229
Lebanon,2000,3288
Lebanon,2001,3316
Lebanon,2002,3270
Lebanon,2003,3198
Lebanon,2004,3175
Lebanon,2005,3122
Lebanon,2006,3128
Lebanon,2007,3183
Lebanon,2008,3127
Lebanon,2009,3144
Lebanon,2010,3162
Lebanon,2011,3126
Lebanon,2012,3091
Lebanon,2013,3066
Lebanon,2014,2958
Lebanon,2015,2930
Lebanon,2016,2921
Lebanon,2017,2892
Lebanon,2018,2857
Lesotho,2000,2462
Lesotho,2001,2485
Lesotho,2002,2516
Lesotho,2003,2518
Lesotho,2004,2541
Lesotho,2005,2567
Lesotho,2006,2595
Lesotho,2007,2560
Lesotho,2008,2558
Lesotho,2009,2569
Lesotho,2010,2572
Lesotho,2011,2550
Lesotho,2012,2547
Lesotho,2013,2529
Lesotho,2014,2356
Lesotho,2015,2193
Lesotho,2016,2041
Lesotho,2017,2475
Lesotho,2018,2323
Liberia,2000,2122
Liberia,2001,2038
Liberia,2002,2066
Liberia,2003,2051
Liberia,2004,2092
Liberia,2005,2160
Liberia,2006,2116
Liberia,2007,2145
Liberia,2008,2227
Liberia,2009,2231
Liberia,2010,2198
Liberia,2011,2254
Liberia,2012,2200
Liberia,2013,2204
Liberia,2014,2154
Liberia,2015,2150
Liberia,2016,2132
Liberia,2017,2157
Liberia,2018,2168
Libya,2000,
Libya,2001,
Libya,2002,
Libya,2003,
Libya,2004,
Libya,2005,
Libya,2006,
Libya,2007,
Libya,2008,
Libya,2009,
Libya,2010,
Libya,2011,
Libya,2012,
Libya,2013,
Libya,2014,
Libya,2015,
Libya,2016,
Libya,2017,
Libya,2018,
Liechtenstein,2000,
Liechtenstein,2001,
Liechtenstein,2002,
Liechtenstein,2003,
Liechtenstein,2004,
Liechtenstein,2005,
Liechtenstein,2006,
Liechtenstein,2007,
Liechtenstein,2008,
Liechtenstein,2009,
Liechtenstein,2010,
Liechtenstein,2011,
Liechtenstein,2012,
Liechtenstein,2013,
Liechtenstein,2014,
Liechtenstein,2015,
Liechtenstein,2016,
Liechtenstein,2017,
Liechtenstein,2018,
Lithuania,2000,3160
Lithuania,2001,3269
Lithuania,2002,3276
Lithuania,2003,3288
Lithuania,2004,3361
Lithuania,2005,3463
Lithuania,2006,3466
Lithuania,2007,3563
Lithuania,2008,3522
Lithuania,2009,3470
Lithuania,2010,3333
Lithuania,2011,3409
Lithuania,2012,3390
Lithuania,2013,3417
Lithuania,2014,3387
Lithuania,2015,3382
Lithuania,2016,3398
Lithuania,2017,3426
Lithuania,2018,3411
Luxembourg,2000,3479
Luxembourg,2001,3484
Luxembourg,2002,3484
Luxembourg,2003,3489
Luxembourg,2004,3489
Luxembourg,2005,3502
Luxembourg,2006,3505
Luxembourg,2007,3501
Luxembourg,2008,3511
Luxembourg,2009,3511
Luxembourg,2010,3526
Luxembourg,2011,3532
Luxembourg,2012,3540
Luxembourg,2013,3539
Luxembourg,2014,3495
Luxembourg,2015,3467
Luxembourg,2016,3466
Luxembourg,2017,3468
Luxembourg,2018,3465
Madagascar,2000,2006
Madagascar,2001,1993
Madagascar,2002,1947
Madagascar,2003,1977
Madagascar,2004,1980
Madagascar,2005,2060
Madagascar,2006,2083
Madagascar,2007,2096
Madagascar,2008,2061
Madagascar,2009,2065
Madagascar,2010,2068
Madagascar,2011,2085
Madagascar,2012,2058
Madagascar,2013,2052
Madagascar,2014,1986
Madagascar,2015,1922
Madagascar,2016,1918
Madagascar,2017,1943
Madagascar,2018,1938
Malawi,2000,2204
Malawi,2001,2235
Malawi,2002,2173
Malawi,2003,2168
Malawi,2004,2166
Malawi,2005,2191
Malawi,2006,2269
Malawi,2007,2293
Malawi,2008,2318
Malawi,2009,2311
Malawi,2010,2329
Malawi,2011,2348
Malawi,2012,2333
Malawi,2013,2367
Malawi,2014,2501
Malawi,2015,2497
Malawi,2016,2398
Malawi,2017,2478
Malawi,2018,2392
Malaysia,2000,2841
Malaysia,2001,2819
Malaysia,2002,2774
Malaysia,2003,2794
Malaysia,2004,2828
Malaysia,2005,2792
Malaysia,2006,2809
Malaysia,2007,2838
Malaysia,2008,2787
Malaysia,2009,2839
Malaysia,2010,2876
Malaysia,2011,2889
Malaysia,2012,2901
Malaysia,2013,2916
Malaysia,2014,2831
Malaysia,2015,2865
Malaysia,2016,2833
Malaysia,2017,2874
Malaysia,2018,2845
Mali,2000,2451
Mali,2001,2502
Mali,2002,2498
Mali,2003,2521
Mali,2004,2540
Mali,2005,2583
Mali,2006,2654
Mali,2007,2722
Mali,2008,2777
Mali,2009,2831
Mali,2010,2813
Mali,2011,2832
Mali,2012,2860
Mali,2013,2890
Mali,2014,2833
Mali,2015,2832
Mali,2016,2846
Mali,2017,2879
Mali,2018,2873
Malta,2000,3331
Malta,2001,3342
Malta,2002,3343
Malta,2003,3369
Malta,2004,3372
Malta,2005,3369
Malta,2006,3368
Malta,2007,3370
Malta,2008,3371
Malta,2009,3379
Malta,2010,3387
Malta,2011,3374
Malta,2012,3381
Malta,2013,3378
Malta,2014,3415
Malta,2015,3425
Malta,2016,3382
Malta,2017,3438
Malta,2018,3420
Marshall Islands,2000,
Marshall Islands,2001,
Marshall Islands,2002,
Marshall Islands,2003,
Marshall Islands,2004,
Marshall Islands,2005,
Marshall Islands,2006,
Marshall Islands,2007,
Marshall Islands,2008,
Marshall Islands,2009,
Marshall Islands,2010,
Marshall Islands,2011,
Marshall Islands,2012,
Marshall Islands,2013,
Marshall Islands,2014,
Marshall Islands,2015,
Marshall Islands,2016,
Marshall Islands,2017,
Marshall Islands,2018,
Mauritania,2000,2632
Mauritania,2001,2625
Mauritania,2002,2638
Mauritania,2003,2712
Mauritania,2004,2599
Mauritania,2005,2629
Mauritania,2006,2603
Mauritania,2007,2726
Mauritania,2008,2772
Mauritania,2009,2762
Mauritania,2010,2797
Mauritania,2011,2806
Mauritania,2012,2873
Mauritania,2013,2876
Mauritania,2014,2882
Mauritania,2015,2878
Mauritania,2016,2850
Mauritania,2017,2854
Mauritania,2018,2877
Mauritius,2000,2904
Mauritius,2001,2954
Mauritius,2002,2953
Mauritius,2003,2958
Mauritius,2004,3023
Mauritius,2005,3009
Mauritius,2006,3022
Mauritius,2007,3076
Mauritius,2008,3001
Mauritius,2009,3124
Mauritius,2010,3151
Mauritius,2011,3058
Mauritius,2012,3014
Mauritius,2013,3065
Mauritius,2014,3040
Mauritius,2015,3044
Mauritius,2016,3008
Mauritius,2017,3038
Mauritius,2018,3051
Mexico,2000,3037
Mexico,2001,3085
Mexico,2002,3103
Mexico,2003,3109
Mexico,2004,3105
Mexico,2005,3065
Mexico,2006,3079
Mexico,2007,3101
Mexico,2008,3079
Mexico,2009,3043
Mexico,2010,3041
Mexico,2011,3028
Mexico,2012,3049
Mexico,2013,3072
Mexico,2014,3132
Mexico,2015,3131
Mexico,2016,3155
Mexico,2017,3162
Mexico,2018,3157
Micronesia,2000,
Micronesia,2001,
Micronesia,2002,
Micronesia,2003,
Micronesia,2004,
Micronesia,2005,
Micronesia,2006,
Micronesia,2007,
Micronesia,2008,
Micronesia,2009,
Micronesia,2010,
Micronesia,2011,
Micronesia,2012,
Micronesia,2013,
Micronesia,2014,
Micronesia,2015,
Micronesia,2016,
Micronesia,2017,
Micronesia,2018,
Moldova,2000,2500
Moldova,2001,2525
Moldova,2002,2569
Moldova,2003,2555
Moldova,2004,2582
Moldova,2005,2625
Moldova,2006,2694
Moldova,2007,2754
Moldova,2008,2788
Moldova,2009,2695
Moldova,2010,2680
Moldova,2011,2700
Moldova,2012,2713
Moldova,2013,2714
Moldova,2014,2348
Moldova,2015,2319
Moldova,2016,2389
Moldova,2017,2414
Moldova,2018,2383
Monaco,2000,
Monaco,2001,
Monaco,2002,
Monaco,2003,
Monaco,2004,
Monaco,2005,
Monaco,2006,
Monaco,2007,
Monaco,2008,
Monaco,2009,
Monaco,2010,
Monaco,2011,
Monaco,2012,
Monaco,2013,
Monaco,2014,
Monaco,2015,
Monaco,2016,
Monaco,2017,
Monaco,2018,
Morocco,2000,3063
Morocco,2001,3117
Morocco,2002,3154
Morocco,2003,3203
Morocco,2004,3263
Morocco,2005,3206
Morocco,2006,3271
Morocco,2007,3251
Morocco,2008,3271
Morocco,2009,3293
Morocco,2010,3294
Morocco,2011,3349
Morocco,2012,3366
Morocco,2013,3403
Morocco,2014,3396
Morocco,2015,3384
Morocco,2016,3421
Morocco,2017,3366
Morocco,2018,3412
Mozambique,2000,1990
Mozambique,2001,1984
Mozambique,2002,2041
Mozambique,2003,2092
Mozambique,2004,2059
Mozambique,2005,2038
Mozambique,2006,2111
Mozambique,2007,2083
Mozambique,2008,2164
Mozambique,2009,2165
Mozambique,2010,2242
Mozambique,2011,2259
Mozambique,2012,2298
Mozambique,2013,2283
Mozambique,2014,2176
Mozambique,2015,2092
Mozambique,2016,2059
Mozambique,2017,2074
Mozambique,2018,2103
Myanmar,2000,1910
Myanmar,2001,1957
Myanmar,2002,2002
Myanmar,2003,2057
Myanmar,2004,2093
Myanmar,2005,2137
Myanmar,2006,2207
Myanmar,2007,2282
Myanmar,2008,2372
Myanmar,2009,2405
Myanmar,2010,2500
Myanmar,2011,2531
Myanmar,2012,2565
Myanmar,2013,2571
Myanmar,2014,2653
Myanmar,2015,2683
Myanmar,2016,2728
Myanmar,2017,2703
Myanmar,2018,2673
Namibia,2000,2246
Namibia,2001,2273
Namibia,2002,2215
Namibia,2003,2247
Namibia,2004,2268
Namibia,2005,2243
Namibia,2006,2230
Namibia,2007,2218
Namibia,2008,2120
Namibia,2009,2062
Namibia,2010,2055
Namibia,2011,2090
Namibia,2012,2145
Namibia,2013,2171
Namibia,2014,2369
Namibia,2015,2427
Namibia,2016,2450
Namibia,2017,2465
Namibia,2018,2469
Nepal,2000,2257
Nepal,2001,2276
Nepal,2002,2279
Nepal,2003,2339
Nepal,2004,2374
Nepal,2005,2406
Nepal,2006,2378
Nepal,2007,2429
Nepal,2008,2490
Nepal,2009,2533
Nepal,2010,2560
Nepal,2011,2614
Nepal,2012,2655
Nepal,2013,2673
Nepal,2014,2714
Nepal,2015,2736
Nepal,2016,2777
Nepal,2017,2793
Nepal,2018,2769
Netherlands,2000,3265
Netherlands,2001,3254
Netherlands,2002,3249
Netherlands,2003,3141
Netherlands,2004,3197
Netherlands,2005,3231
Netherlands,2006,3213
Netherlands,2007,3237
Netherlands,2008,3228
Netherlands,2009,3213
Netherlands,2010,3208
Netherlands,2011,3212
Netherlands,2012,3225
Netherlands,2013,3228
Netherlands,2014,3213
Netherlands,2015,3240
Netherlands,2016,3241
Netherlands,2017,3270
Netherlands,2018,3297
New Zealand,2000,3173
New Zealand,2001,3117
New Zealand,2002,3121
New Zealand,2003,3120
New Zealand,2004,3157
New Zealand,2005,3183
New Zealand,2006,3151
New Zealand,2007,3184
New Zealand,2008,3205
New Zealand,2009,3144
New Zealand,2010,3139
New Zealand,2011,3137
New Zealand,2012,3127
New Zealand,2013,3137
New Zealand,2014,3148
New Zealand,2015,3154
New Zealand,2016,3150
New Zealand,2017,3162
New Zealand,2018,3191
Nicaragua,2000,2133
Nicaragua,2001,2301
Nicaragua,2002,2291
Nicaragua,2003,2319
Nicaragua,2004,2360
Nicaragua,2005,2400
Nicaragua,2006,2412
Nicaragua,2007,2471
Nicaragua,2008,2467
Nicaragua,2009,2473
Nicaragua,2010,2513
Nicaragua,2011,2543
Nicaragua,2012,2560
Nicaragua,2013,2638
Nicaragua,2014,2529
Nicaragua,2015,2530
Nicaragua,2016,2615
Nicaragua,2017,2642
Nicaragua,2018,2582
Niger,2000,2328
Niger,2001,2341
Niger,2002,2309
Niger,2003,2401
Niger,2004,2453
Niger,2005,2444
Niger,2006,2442
Niger,2007,2461
Niger,2008,2520
Niger,2009,2523
Niger,2010,2533
Niger,2011,2534
Niger,2012,2567
Niger,2013,2547
Niger,2014,2556
Niger,2015,2566
Niger,2016,2583
Niger,2017,2596
Niger,2018,2601
Nigeria,2000,2610
Nigeria,2001,2613
Nigeria,2002,2605
Nigeria,2003,2608
Nigeria,2004,2655
Nigeria,2005,2705
Nigeria,2006,2725
Nigeria,2007,2720
Nigeria,2008,2723
Nigeria,2009,2683
Nigeria,2010,2706
Nigeria,2011,2706
Nigeria,2012,2665
Nigeria,2013,2700
Nigeria,2014,2626
Nigeria,2015,2561
Nigeria,2016,2581
Nigeria,2017,2539
Nigeria,2018,2572
North Macedonia,2000,2750
North Macedonia,2001,2631
North Macedonia,2002,2722
North Macedonia,2003,2741
North Macedonia,2004,2872
North Macedonia,2005,2780
North Macedonia,2006,2827
North Macedonia,2007,3017
North Macedonia,2008,2960
North Macedonia,2009,2997
North Macedonia,2010,2955
North Macedonia,2011,2910
North Macedonia,2012,2931
North Macedonia,2013,2949
North Macedonia,2014,2955
North Macedonia,2015,3003
North Macedonia,2016,3021
North Macedonia,2017,3009
North Macedonia,2018,3072
Norway,2000,3378
Norway,2001,3418
Norway,2002,3459
Norway,2003,3437
Norway,2004,3477
Norway,2005,3520
Norway,2006,3446
Norway,2007,3464
Norway,2008,3478
Norway,2009,3471
Norway,2010,3486
Norway,2011,3488
Norway,2012,3499
Norway,2013,3485
Norway,2014,3466
Norway,2015,3423
Norway,2016,3407
Norway,2017,3377
Norway,2018,3371
Oman,2000,2591
Oman,2001,2684
Oman,2002,2626
Oman,2003,2631
Oman,2004,2664
Oman,2005,2718
Oman,2006,2768
Oman,2007,2833
Oman,2008,2944
Oman,2009,3026
Oman,2010,3058
Oman,2011,3077
Oman,2012,3115
Oman,2013,3143
Oman,2014,2989
Oman,2015,2948
Oman,2016,2886
Oman,2017,2936
Oman,2018,2940
Pakistan,2000,2398
Pakistan,2001,2312
Pakistan,2002,2255
Pakistan,2003,2312
Pakistan,2004,2340
Pakistan,2005,2359
Pakistan,2006,2381
Pakistan,2007,2420
Pakistan,2008,2422
Pakistan,2009,2429
Pakistan,2010,2432
Pakistan,2011,2426
Pakistan,2012,2434
Pakistan,2013,2440
Pakistan,2014,2429
Pakistan,2015,2445
Pakistan,2016,2469
Pakistan,2017,2489
Pakistan,2018,2486
Palau,2000,
Palau,2001,
Palau,2002,
Palau,2003,
Palau,2004,
Palau,2005,
Palau,2006,
Palau,2007,
Palau,2008,
Palau,2009,
Palau,2010,
Palau,2011,
Palau,2012,
Palau,2013,
Palau,2014,
Palau,2015,
Palau,2016,
Palau,2017,
Palau,2018,
Panama,2000,2132
Panama,2001,2266
Panama,2002,2346
Panama,2003,2365
Panama,2004,2250
Panama,2005,2334
Panama,2006,2347
Panama,2007,2465
Panama,2008,2523
Panama,2009,2520
Panama,2010,2579
Panama,2011,2646
Panama,2012,2703
Panama,2013,2733
Panama,2014,2751
Panama,2015,2765
Panama,2016,2801
Panama,2017,2837
Panama,2018,2851
Papua New Guinea,2000,
Papua New Guinea,2001,
Papua New Guinea,2002,
Papua New Guinea,2003,
Papua New Guinea,2004,
Papua New Guinea,2005,
Papua New Guinea,2006,
Papua New Guinea,2007,
Papua New Guinea,2008,
Papua New Guinea,2009,
Papua New Guinea,2010,
Papua New Guinea,2011,
Papua New Guinea,2012,
Papua New Guinea,2013,
Papua New Guinea,2014,
Papua New Guinea,2015,
Papua New Guinea,2016,
Papua New Guinea,2017,
Papua New Guinea,2018,
Paraguay,2000,2588
Paraguay,2001,2640
Paraguay,2002,2679
Paraguay,2003,2732
Paraguay,2004,2660
Paraguay,2005,2595
Paraguay,2006,2621
Paraguay,2007,2572
Paraguay,2008,2535
Paraguay,2009,2528
Paraguay,2010,2575
Paraguay,2011,2614
Paraguay,2012,2591
Paraguay,2013,2589
Paraguay,2014,2770
Paraguay,2015,2743
Paraguay,2016,2720
Paraguay,2017,2752
Paraguay,2018,2768
Peru,2000,2366
Peru,2001,2322
Peru,2002,2337
Peru,2003,2278
Peru,2004,2296
Peru,2005,2408
Peru,2006,2433
Peru,2007,2461
Peru,2008,2525
Peru,2009,2562
Peru,2010,2617
Peru,2011,2632
Peru,2012,2682
Peru,2013,2700
Peru,2014,2738
Peru,2015,2778
Peru,2016,2748
Peru,2017,2769
Peru,2018,2775
Philippines,2000,2392
Philippines,2001,2373
Philippines,2002,2393
Philippines,2003,2391
Philippines,2004,2461
Philippines,2005,2472
Philippines,2006,2514
Philippines,2007,2570
Philippines,2008,2583
Philippines,2009,2595
Philippines,2010,2582
Philippines,2011,2572
Philippines,2012,2584
Philippines,2013,2570
Philippines,2014,2508
Philippines,2015,2563
Philippines,2016,2558
Philippines,2017,2643
Philippines,2018,2662
Poland,2000,3419
Poland,2001,3421
Poland,2002,3429
Poland,2003,3421
Poland,2004,3380
Poland,2005,3370
Poland,2006,3353
Poland,2007,3364
Poland,2008,3346
Poland,2009,3418
Poland,2010,3413
Poland,2011,3443
Poland,2012,3443
Poland,2013,3451
Poland,2014,3414
Poland,2015,3373
Poland,2016,3451
Poland,2017,3502
Poland,2018,3537
Portugal,2000,3544
Portugal,2001,3538
Portugal,2002,3534
Portugal,2003,3523
Portugal,2004,3535
Portugal,2005,3531
Portugal,2006,3521
Portugal,2007,3530
Portugal,2008,3538
Portugal,2009,3507
Portugal,2010,3498
Portugal,2011,3477
Portugal,2012,3473
Portugal,2013,3477
Portugal,2014,3377
Portugal,2015,3437
Portugal,2016,3381
Portugal,2017,3410
Portugal,2018,3480
Qatar,2000,
Qatar,2001,
Qatar,2002,
Qatar,2003,
Qatar,2004,
Qatar,2005,
Qatar,2006,
Qatar,2007,
Qatar,2008,
Qatar,2009,
Qatar,2010,
Qatar,2011,
Qatar,2012,
Qatar,2013,
Qatar,2014,
Qatar,2015,
Qatar,2016,
Qatar,2017,
Qatar,2018,
Romania,2000,3141
Romania,2001,3239
Romania,2002,3319
Romania,2003,3365
Romania,2004,3354
Romania,2005,3396
Romania,2006,3430
Romania,2007,3375
Romania,2008,3402
Romania,2009,3379
Romania,2010,3325
Romania,2011,3339
Romania,2012,3341
Romania,2013,3358
Romania,2014,3417
Romania,2015,3476
Romania,2016,3525
Romania,2017,3549
Romania,2018,3581
Russian Federation,2000,2877
Russian Federation,2001,2954
Russian Federation,2002,3025
Russian Federation,2003,3064
Russian Federation,2004,3113
Russian Federation,2005,3204
Russian Federation,2006,3247
Russian Federation,2007,3309
Russian Federation,2008,3312
Russian Federation,2009,3273
Russian Federation,2010,3302
Russian Federation,2011,3331
Russian Federation,2012,3366
Russian Federation,2013,3361
Russian Federation,2014,3365
Russian Federation,2015,3353
Russian Federation,2016,3339
Russian Federation,2017,3366
Russian Federation,2018,3345
Rwanda,2000,1857
Rwanda,2001,1912
Rwanda,2002,2094
Rwanda,2003,2004
Rwanda,2004,1969
Rwanda,2005,2037
Rwanda,2006,2044
Rwanda,2007,2053
Rwanda,2008,2101
Rwanda,2009,2196
Rwanda,2010,2198
Rwanda,2011,2213
Rwanda,2012,2270
Rwanda,2013,2228
Rwanda,2014,2214
Rwanda,2015,2185
Rwanda,2016,2211
Rwanda,2017,2181
Rwanda,2018,2188
Saint Lucia,2000,2709
Saint Lucia,2001,2610
Saint Lucia,2002,2677
Saint Lucia,2003,2640
Saint Lucia,2004,2649
Saint Lucia,2005,2653
Saint Lucia,2006,2631
Saint Lucia,2007,2589
Saint Lucia,2008,2555
Saint Lucia,2009,2581
Saint Lucia,2010,2596
Saint Lucia,2011,2583
Saint Lucia,2012,2579
Saint Lucia,2013,2595
Saint Lucia,2014,2618
Saint Lucia,2015,2608
Saint Lucia,2016,2623
Saint Lucia,2017,2638
Saint Lucia,2018,2618
Saint Vincent and the Grenadines,2000,2498
Saint Vincent and the Grenadines,2001,2474
Saint Vincent and the Grenadines,2002,2658
Saint Vincent and the Grenadines,2003,2685
Saint Vincent and the Grenadines,2004,2712
Saint Vincent and the Grenadines,2005,2781
Saint Vincent and the Grenadines,2006,2800
Saint Vincent and the Grenadines,2007,2832
Saint Vincent and the Grenadines,2008,2868
Saint Vincent and the Grenadines,2009,2873
Saint Vincent and the Grenadines,2010,2907
Saint Vincent and the Grenadines,2011,2941
Saint Vincent and the Grenadines,2012,2929
Saint Vincent and the Grenadines,2013,2968
Saint Vincent and the Grenadines,2014,2945
Saint Vincent and the Grenadines,2015,2939
Saint Vincent and the Grenadines,2016,2953
Saint Vincent and the Grenadines,2017,2972
Saint Vincent and the Grenadines,2018,2968
Samoa,2000,2772
Samoa,2001,2821
Samoa,2002,2817
Samoa,2003,2830
Samoa,2004,2882
Samoa,2005,2894
Samoa,2006,2860
Samoa,2007,2851
Samoa,2008,2914
Samoa,2009,2881
Samoa,2010,2911
Samoa,2011,2883
Samoa,2012,2962
Samoa,2013,2960
Samoa,2014,2974
Samoa,2015,2972
Samoa,2016,3001
Samoa,2017,3040
Samoa,2018,3030
San Marino,2000,
San Marino,2001,
San Marino,2002,
San Marino,2003,
San Marino,2004,
San Marino,2005,
San Marino,2006,
San Marino,2007,
San Marino,2008,
San Marino,2009,
San Marino,2010,
San Marino,2011,
San Marino,2012,
San Marino,2013,
San Marino,2014,
San Marino,2015,
San Marino,2016,
San Marino,2017,
San Marino,2018,
Sao Tome and Principe,2000,2379
Sao Tome and Principe,2001,2404
Sao Tome and Principe,2002,2460
Sao Tome and Principe,2003,2506
Sao Tome and Principe,2004,2513
Sao Tome and Principe,2005,2546
Sao Tome and Principe,2006,2554
Sao Tome and Principe,2007,2511
Sao Tome and Principe,2008,2466
Sao Tome and Principe,2009,2435
Sao Tome and Principe,2010,2368
Sao Tome and Principe,2011,2331
Sao Tome and Principe,2012,2338
Sao Tome and Principe,2013,2400
Sao Tome and Principe,2014,2381
Sao Tome and Principe,2015,2369
Sao Tome and Principe,2016,2413
Sao Tome and Principe,2017,2407
Sao Tome and Principe,2018,2446
Saudi Arabia,2000,3111
Saudi Arabia,2001,3080
Saudi Arabia,2002,3021
Saudi Arabia,2003,3003
Saudi Arabia,2004,2959
Saudi Arabia,2005,2991
Saudi Arabia,2006,3045
Saudi Arabia,2007,3046
Saudi Arabia,2008,3014
Saudi Arabia,2009,3007
Saudi Arabia,2010,3124
Saudi Arabia,2011,3103
Saudi Arabia,2012,3269
Saudi Arabia,2013,3255
Saudi Arabia,2014,3274
Saudi Arabia,2015,3291
Saudi Arabia,2016,3312
Saudi Arabia,2017,3299
Saudi Arabia,2018,3307
Senegal,2000,2164
Senegal,2001,2174
Senegal,2002,2144
Senegal,2003,2223
Senegal,2004,2248
Senegal,2005,2237
Senegal,2006,2310
Senegal,2007,2342
Senegal,2008,2439
Senegal,2009,2446
Senegal,2010,2435
Senegal,2011,2428
Senegal,2012,2443
Senegal,2013,2456
Senegal,2014,2438
Senegal,2015,2439
Senegal,2016,2540
Senegal,2017,2556
Senegal,2018,2545
Serbia,2000,
Serbia,2001,
Serbia,2002,
Serbia,2003,
Serbia,2004,
Serbia,2005,
Serbia,2006,2750
Serbia,2007,2714
Serbia,2008,2722
Serbia,2009,2760
Serbia,2010,2725
Serbia,2011,2733
Serbia,2012,2717
Serbia,2013,2728
Serbia,2014,2807
Serbia,2015,2792
Serbia,2016,2811
Serbia,2017,2818
Serbia,2018,2828
Seychelles,2000,
Seychelles,2001,
Seychelles,2002,
Seychelles,2003,
Seychelles,2004,
Seychelles,2005,
Seychelles,2006,
Seychelles,2007,
Seychelles,2008,
Seychelles,2009,
Seychelles,2010,
Seychelles,2011,
Seychelles,2012,
Seychelles,2013,
Seychelles,2014,
Seychelles,2015,
Seychelles,2016,
Seychelles,2017,
Seychelles,2018,
Sierra Leone,2000,1990
Sierra Leone,2001,1995
Sierra Leone,2002,2045
Sierra Leone,2003,2032
Sierra Leone,2004,2024
Sierra Leone,2005,2082
Sierra Leone,2006,2155
Sierra Leone,2007,2194
Sierra Leone,2008,2197
Sierra Leone,2009,2251
Sierra Leone,2010,2275
Sierra Leone,2011,2335
Sierra Leone,2012,2374
Sierra Leone,2013,2404
Sierra Leone,2014,2301
Sierra Leone,2015,2314
Sierra Leone,2016,2316
Sierra Leone,2017,2347
Sierra Leone,2018,2369
Singapore,2000,
Singapore,2001,
Singapore,2002,
Singapore,2003,
Singapore,2004,
Singapore,2005,
Singapore,2006,
Singapore,2007,
Singapore,2008,
Singapore,2009,
Singapore,2010,
Singapore,2011,
Singapore,2012,
Singapore,2013,
Singapore,2014,
Singapore,2015,
Singapore,2016,
Singapore,2017,
Singapore,2018,
Slovakia,2000,2778
Slovakia,2001,2785
Slovakia,2002,2800
Slovakia,2003,2790
Slovakia,2004,2817
Slovakia,2005,2841
Slovakia,2006,2833
Slovakia,2007,2794
Slovakia,2008,2864
Slovakia,2009,2899
Slovakia,2010,2950
Slovakia,2011,2941
Slovakia,2012,2901
Slovakia,2013,2944
Slovakia,2014,2823
Slovakia,2015,2718
Slovakia,2016,2831
Slovakia,2017,2861
Slovakia,2018,2871
Slovenia,2000,3056
Slovenia,2001,3055
Slovenia,2002,3081
Slovenia,2003,3113
Slovenia,2004,3158
Slovenia,2005,3071
Slovenia,2006,3120
Slovenia,2007,3143
Slovenia,2008,3156
Slovenia,2009,3179
Slovenia,2010,3176
Slovenia,2011,3165
Slovenia,2012,3160
Slovenia,2013,3168
Slovenia,2014,3203
Slovenia,2015,3164
Slovenia,2016,3164
Slovenia,2017,3192
Slovenia,2018,3191
Solomon Islands,2000,2353
Solomon Islands,2001,2315
Solomon Islands,2002,2392
Solomon Islands,2003,2409
Solomon Islands,2004,2402
Solomon Islands,2005,2427
Solomon Islands,2006,2458
Solomon Islands,2007,2420
Solomon Islands,2008,2480
Solomon Islands,2009,2453
Solomon Islands,2010,2482
Solomon Islands,2011,2491
Solomon Islands,2012,2421
Solomon Islands,2013,2391
Solomon Islands,2014,2376
Solomon Islands,2015,2376
Solomon Islands,2016,2399
Solomon Islands,2017,2406
Solomon Islands,2018,2415
South Africa,2000,2886
South Africa,2001,2909
South Africa,2002,2906
South Africa,2003,2929
South Africa,2004,2940
South Africa,2005,2952
South Africa,2006,2927
South Africa,2007,2920
South Africa,2008,2924
South Africa,2009,2936
South Africa,2010,2992
South Africa,2011,3002
South Africa,2012,3014
South Africa,2013,3022
South Africa,2014,2976
South Africa,2015,2942
South Africa,2016,2921
South Africa,2017,2936
South Africa,2018,2899
South Korea,2000,3094
South Korea,2001,3081
South Korea,2002,3081
South Korea,2003,3059
South Korea,2004,3098
South Korea,2005,3102
South Korea,2006,3113
South Korea,2007,3139
South Korea,2008,3187
South Korea,2009,3203
South Korea,2010,3281
South Korea,2011,3354
South Korea,2012,3325
South Korea,2013,3334
South Korea,2014,3333
South Korea,2015,3342
South Korea,2016,3347
South Korea,2017,3388
South Korea,2018,3420
Spain,2000,3360
Spain,2001,3332
Spain,2002,3359
Spain,2003,3297
Spain,2004,3246
Spain,2005,3220
Spain,2006,3227
Spain,2007,3223
Spain,2008,3208
Spain,2009,3205
Spain,2010,3183
Spain,2011,3192
Spain,2012,3173
Spain,2013,3174
Spain,2014,3163
Spain,2015,3195
Spain,2016,3274
Spain,2017,3303
Spain,2018,3322
Sri Lanka,2000,2315
Sri Lanka,2001,2356
Sri Lanka,2002,2331
Sri Lanka,2003,2330
Sri Lanka,2004,2348
Sri Lanka,2005,2350
Sri Lanka,2006,2376
Sri Lanka,2007,2383
Sri Lanka,2008,2443
Sri Lanka,2009,2448
Sri Lanka,2010,2465
Sri Lanka,2011,2491
Sri Lanka,2012,2512
Sri Lanka,2013,2539
Sri Lanka,2014,2618
Sri Lanka,2015,2645
Sri Lanka,2016,2693
Sri Lanka,2017,2682
Sri Lanka,2018,2737
Sudan,2000,
Sudan,2001,
Sudan,2002,
Sudan,2003,
Sudan,2004,
Sudan,2005,
Sudan,2006,
Sudan,2007,
Sudan,2008,
Sudan,2009,
Sudan,2010,
Sudan,2011,
Sudan,2012,2301
Sudan,2013,2336
Sudan,2014,2589
Sudan,2015,2592
Sudan,2016,2580
Sudan,2017,2548
Sudan,2018,2578
Suriname,2000,2545
Suriname,2001,2506
Suriname,2002,2557
Suriname,2003,2559
Suriname,2004,2557
Suriname,2005,2614
Suriname,2006,2632
Suriname,2007,2670
Suriname,2008,2645
Suriname,2009,2736
Suriname,2010,2795
Suriname,2011,2712
Suriname,2012,2726
Suriname,2013,2753
Suriname,2014,2764
Suriname,2015,2716
Suriname,2016,2705
Suriname,2017,2706
Suriname,2018,2698
Sweden,2000,3099
Sweden,2001,3124
Sweden,2002,3133
Sweden,2003,3124
Sweden,2004,3147
Sweden,2005,3122
Sweden,2006,3091
Sweden,2007,3089
Sweden,2008,3128
Sweden,2009,3126
Sweden,2010,3151
Sweden,2011,3157
Sweden,2012,3170
Sweden,2013,3179
Sweden,2014,3198
Sweden,2015,3182
Sweden,2016,3192
Sweden,2017,3196
Sweden,2018,3184
Switzerland,2000,3440
Switzerland,2001,3380
Switzerland,2002,3436
Switzerland,2003,3432
Switzerland,2004,3412
Switzerland,2005,3386
Switzerland,2006,3432
Switzerland,2007,3428
Switzerland,2008,3445
Switzerland,2009,3465
Switzerland,2010,3448
Switzerland,2011,3491
Switzerland,2012,3382
Switzerland,2013,3391
Switzerland,2014,3421
Switzerland,2015,3398
Switzerland,2016,3364
Switzerland,2017,3388
Switzerland,2018,3354
Taiwan (China),2000,3119
Taiwan (China),2001,3011
Taiwan (China),2002,3002
Taiwan (China),2003,2991
Taiwan (China),2004,2986
Taiwan (China),2005,2985
Taiwan (China),2006,2948
Taiwan (China),2007,2964
Taiwan (China),2008,2925
Taiwan (China),2009,2938
Taiwan (China),2010,2962
Taiwan (China),2011,2956
Taiwan (China),2012,2955
Taiwan (China),2013,2997
Taiwan (China),2014,2960
Taiwan (China),2015,2960
Taiwan (China),2016,2951
Taiwan (China),2017,2950
Taiwan (China),2018,2983
Tajikistan,2000,1959
Tajikistan,2001,1962
Tajikistan,2002,1942
Tajikistan,2003,1956
Tajikistan,2004,1979
Tajikistan,2005,2057
Tajikistan,2006,2063
Tajikistan,2007,2064
Tajikistan,2008,2082
Tajikistan,2009,2097
Tajikistan,2010,2105
Tajikistan,2011,2049
Tajikistan,2012,2159
Tajikistan,2013,2201
Tajikistan,2014,2091
Tajikistan,2015,2094
Tajikistan,2016,2102
Tajikistan,2017,2105
Tajikistan,2018,2109
Tanzania,2000,2005
Tanzania,2001,2031
Tanzania,2002,2109
Tanzania,2003,1983
Tanzania,2004,2098
Tanzania,2005,2134
Tanzania,2006,2141
Tanzania,2007,2215
Tanzania,2008,2132
Tanzania,2009,2133
Tanzania,2010,2097
Tanzania,2011,2200
Tanzania,2012,2192
Tanzania,2013,2208
Tanzania,2014,2339
Tanzania,2015,2358
Tanzania,2016,2381
Tanzania,2017,2328
Tanzania,2018,2373
Thailand,2000,2604
Thailand,2001,2578
Thailand,2002,2630
Thailand,2003,2642
Thailand,2004,2651
Thailand,2005,2720
Thailand,2006,2796
Thailand,2007,2766
Thailand,2008,2757
Thailand,2009,2734
Thailand,2010,2756
Thailand,2011,2760
Thailand,2012,2784
Thailand,2013,2784
Thailand,2014,2771
Thailand,2015,2782
Thailand,2016,2808
Thailand,2017,2809
Thailand,2018,2804
Togo,2000,2171
Togo,2001,2155
Togo,2002,2157
Togo,2003,2199
Togo,2004,2246
Togo,2005,2238
Togo,2006,2283
Togo,2007,2295
Togo,2008,2316
Togo,2009,2340
Togo,2010,2370
Togo,2011,2383
Togo,2012,2414
Togo,2013,2454
Togo,2014,2433
Togo,2015,2429
Togo,2016,2421
Togo,2017,2433
Togo,2018,2443
Trinidad and Tobago,2000,2777
Trinidad and Tobago,2001,2832
Trinidad and Tobago,2002,2790
Trinidad and Tobago,2003,2749
Trinidad and Tobago,2004,2776
Trinidad and Tobago,2005,2756
Trinidad and Tobago,2006,2801
Trinidad and Tobago,2007,2845
Trinidad and Tobago,2008,2828
Trinidad and Tobago,2009,2841
Trinidad and Tobago,2010,2841
Trinidad and Tobago,2011,2906
Trinidad and Tobago,2012,2989
Trinidad and Tobago,2013,3052
Trinidad and Tobago,2014,2987
Trinidad and Tobago,2015,2985
Trinidad and Tobago,2016,2966
Trinidad and Tobago,2017,2980
Trinidad and Tobago,2018,2991
Tunisia,2000,3251
Tunisia,2001,3257
Tunisia,2002,3191
Tunisia,2003,3240
Tunisia,2004,3248
Tunisia,2005,3220
Tunisia,2006,3273
Tunisia,2007,3252
Tunisia,2008,3302
Tunisia,2009,3335
Tunisia,2010,3326
Tunisia,2011,3360
Tunisia,2012,3390
Tunisia,2013,3349
Tunisia,2014,3435
Tunisia,2015,3454
Tunisia,2016,3451
Tunisia,2017,3457
Tunisia,2018,3450
Türkiye,2000,3662
Türkiye,2001,3621
Türkiye,2002,3607
Türkiye,2003,3588
Türkiye,2004,3609
Türkiye,2005,3611
Türkiye,2006,3647
Türkiye,2007,3630
Türkiye,2008,3595
Türkiye,2009,3621
Türkiye,2010,3650
Türkiye,2011,3674
Türkiye,2012,3690
Türkiye,2013,3706
Türkiye,2014,3659
Türkiye,2015,3723
Türkiye,2016,3690
Türkiye,2017,3737
Türkiye,2018,3711
Turkmenistan,2000,2613
Turkmenistan,2001,2623
Turkmenistan,2002,2682
Turkmenistan,2003,2742
Turkmenistan,2004,2814
Turkmenistan,2005,2831
Turkmenistan,2006,2835
Turkmenistan,2007,2901
Turkmenistan,2008,2872
Turkmenistan,2009,2874
Turkmenistan,2010,2866
Turkmenistan,2011,2851
Turkmenistan,2012,2842
Turkmenistan,2013,2840
Turkmenistan,2014,2904
Turkmenistan,2015,2903
Turkmenistan,2016,2877
Turkmenistan,2017,2882
Turkmenistan,2018,2830
Uganda,2000,2267
Uganda,2001,2280
Uganda,2002,2330
Uganda,2003,2382
Uganda,2004,2351
Uganda,2005,2327
Uganda,2006,2276
Uganda,2007,2212
Uganda,2008,2177
Uganda,2009,2194
Uganda,2010,2200
Uganda,2011,2178
Uganda,2012,2160
Uganda,2013,2130
Uganda,2014,2127
Uganda,2015,2073
Uganda,2016,2033
Uganda,2017,2022
Uganda,2018,1981
Ukraine,2000,2896
Ukraine,2001,2986
Ukraine,2002,3048
Ukraine,2003,3052
Ukraine,2004,3194
Ukraine,2005,3210
Ukraine,2006,3244
Ukraine,2007,3253
Ukraine,2008,3297
Ukraine,2009,3174
Ukraine,2010,3140
Ukraine,2011,3177
Ukraine,2012,3161
Ukraine,2013,3138
Ukraine,2014,3145
Ukraine,2015,3094
Ukraine,2016,3091
Ukraine,2017,3062
Ukraine,2018,3102
United Kingdom,2000,3362
United Kingdom,2001,3400
United Kingdom,2002,3416
United Kingdom,2003,3400
United Kingdom,2004,3445
United Kingdom,2005,3438
United Kingdom,2006,3438
United Kingdom,2007,3417
United Kingdom,2008,3422
United Kingdom,2009,3412
United Kingdom,2010,3404
United Kingdom,2011,3417
United Kingdom,2012,3403
United Kingdom,2013,3424
United Kingdom,2014,3376
United Kingdom,2015,3393
United Kingdom,2016,3374
United Kingdom,2017,3393
United Kingdom,2018,3344
United States of America,2000,3755
United States of America,2001,3707
United States of America,2002,3783
United States of America,2003,3777
United States of America,2004,3809
United States of America,2005,3828
United States of America,2006,3783
United States of America,2007,3757
United States of America,2008,3700
United States of America,2009,3645
United States of America,2010,3650
United States of America,2011,3649
United States of America,2012,3687
United States of America,2013,3682
United States of America,2014,3717
United States of America,2015,3735
United States of America,2016,3760
United States of America,2017,3778
United States of America,2018,3782
Uruguay,2000,2811
Uruguay,2001,2869
Uruguay,2002,2838
Uruguay,2003,2835
Uruguay,2004,2831
Uruguay,2005,2809
Uruguay,2006,2823
Uruguay,2007,2890
Uruguay,2008,2958
Uruguay,2009,2977
Uruguay,2010,2984
Uruguay,2011,3012
Uruguay,2012,3016
Uruguay,2013,3050
Uruguay,2014,3157
Uruguay,2015,3118
Uruguay,2016,3140
Uruguay,2017,3158
Uruguay,2018,3202
Uzbekistan,2000,2368
Uzbekistan,2001,2286
Uzbekistan,2002,2289
Uzbekistan,2003,2351
Uzbekistan,2004,2385
Uzbekistan,2005,2471
Uzbekistan,2006,2556
Uzbekistan,2007,2581
Uzbekistan,2008,2597
Uzbekistan,2009,2605
Uzbekistan,2010,2648
Uzbekistan,2011,2694
Uzbekistan,2012,2730
Uzbekistan,2013,2760
Uzbekistan,2014,2964
Uzbekistan,2015,2985
Uzbekistan,2016,3009
Uzbekistan,2017,2982
Uzbekistan,2018,3011
Vanuatu,2000,2698
Vanuatu,2001,2673
Vanuatu,2002,2698
Vanuatu,2003,2753
Vanuatu,2004,2745
Vanuatu,2005,2780
Vanuatu,2006,2800
Vanuatu,2007,2859
Vanuatu,2008,2864
Vanuatu,2009,2864
Vanuatu,2010,2856
Vanuatu,2011,2841
Vanuatu,2012,2818
Vanuatu,2013,2836
Vanuatu,2014,2733
Vanuatu,2015,2699
Vanuatu,2016,2621
Vanuatu,2017,2622
Vanuatu,2018,2607
Venezuela,2000,2454
Venezuela,2001,2509
Venezuela,2002,2218
Venezuela,2003,2415
Venezuela,2004,2492
Venezuela,2005,2490
Venezuela,2006,2514
Venezuela,2007,2607
Venezuela,2008,2808
Venezuela,2009,2858
Venezuela,2010,2805
Venezuela,2011,2803
Venezuela,2012,2691
Venezuela,2013,2631
Venezuela,2014,2610
Venezuela,2015,2435
Venezuela,2016,2322
Venezuela,2017,2223
Venezuela,2018,2120
Vietnam,2000,2239
Vietnam,2001,2299
Vietnam,2002,2360
Vietnam,2003,2416
Vietnam,2004,2478
Vietnam,2005,2468
Vietnam,2006,2483
Vietnam,2007,2548
Vietnam,2008,2615
Vietnam,2009,2638
Vietnam,2010,2678
Vietnam,2011,2716
Vietnam,2012,2713
Vietnam,2013,2745
Vietnam,2014,2853
Vietnam,2015,2900
Vietnam,2016,2952
Vietnam,2017,2961
Vietnam,2018,3025
Yemen,2000,2091
Yemen,2001,2068
Yemen,2002,2082
Yemen,2003,2067
Yemen,2004,2074
Yemen,2005,2093
Yemen,2006,2117
Yemen,2007,2156
Yemen,2008,2134
Yemen,2009,2160
Yemen,2010,2197
Yemen,2011,2206
Yemen,2012,2231
Yemen,2013,2223
Yemen,2014,2156
Yemen,2015,2170
Yemen,2016,2013
Yemen,2017,2071
Yemen,2018,2154
Zambia,2000,1873
Zambia,2001,1850
Zambia,2002,1849
Zambia,2003,1900
Zambia,2004,1866
Zambia,2005,1873
Zambia,2006,1838
Zambia,2007,1781
Zambia,2008,1801
Zambia,2009,1878
Zambia,2010,1904
Zambia,2011,1907
Zambia,2012,1923
Zambia,2013,1930
Zambia,2014,2013
Zambia,2015,2029
Zambia,2016,1985
Zambia,2017,1991
Zambia,2018,2002
Zimbabwe,2000,1979
Zimbabwe,2001,2028
Zimbabwe,2002,2021
Zimbabwe,2003,2010
Zimbabwe,2004,2044
Zimbabwe,2005,2025
Zimbabwe,2006,2115
Zimbabwe,2007,2109
Zimbabwe,2008,2094
Zimbabwe,2009,2147
Zimbabwe,2010,2168
Zimbabwe,2011,2200
Zimbabwe,2012,2197
Zimbabwe,2013,2110
Zimbabwe,2014,1986
Zimbabwe,2015,1912
Zimbabwe,2016,1885
Zimbabwe,2017,1891
Zimbabwe,2018,1908
